SUMLEV,REGION,DIVISION,STATE,NAME,CENSUS2010POP,ESTIMATESBASE2010,POPESTIMATE2010,POPESTIMATE2011,POPESTIMATE2012,POPESTIMATE2013,POPESTIMATE2014,POPESTIMATE2015,POPESTIMATE2016,POPESTIMATE2017,POPESTIMATE2018,NPOPCHG_2010,NPOPCHG_2011,NPOPCHG_2012,NPOPCHG_2013,NPOPCHG_2014,NPOPCHG_2015,NPOPCHG_2016,NPOPCHG_2017,NPOPCHG_2018,BIRTHS2010,BIRTHS2011,BIRTHS2012,BIRTHS2013,BIRTHS2014,BIRTHS2015,BIRTHS2016,BIRTHS2017,BIRTHS2018,DEATHS2010,DEATHS2011,DEATHS2012,DEATHS2013,DEATHS2014,DEATHS2015,DEATHS2016,DEATHS2017,DEATHS2018,NATURALINC2010,NATURALINC2011,NATURALINC2012,NATURALINC2013,NATURALINC2014,NATURALINC2015,NATURALINC2016,NATURALINC2017,NATURALINC2018,INTERNATIONALMIG2010,INTERNATIONALMIG2011,INTERNATIONALMIG2012,INTERNATIONALMIG2013,INTERNATIONALMIG2014,INTERNATIONALMIG2015,INTERNATIONALMIG2016,INTERNATIONALMIG2017,INTERNATIONALMIG2018,DOMESTICMIG2010,DOMESTICMIG2011,DOMESTICMIG2012,DOMESTICMIG2013,DOMESTICMIG2014,DOMESTICMIG2015,DOMESTICMIG2016,DOMESTICMIG2017,DOMESTICMIG2018,NETMIG2010,NETMIG2011,NETMIG2012,NETMIG2013,NETMIG2014,NETMIG2015,NETMIG2016,NETMIG2017,NETMIG2018,RESIDUAL2010,RESIDUAL2011,RESIDUAL2012,RESIDUAL2013,RESIDUAL2014,RESIDUAL2015,RESIDUAL2016,RESIDUAL2017,RESIDUAL2018,RBIRTH2011,RBIRTH2012,RBIRTH2013,RBIRTH2014,RBIRTH2015,RBIRTH2016,RBIRTH2017,RBIRTH2018,RDEATH2011,RDEATH2012,RDEATH2013,RDEATH2014,RDEATH2015,RDEATH2016,RDEATH2017,RDEATH2018,RNATURALINC2011,RNATURALINC2012,RNATURALINC2013,RNATURALINC2014,RNATURALINC2015,RNATURALINC2016,RNATURALINC2017,RNATURALINC2018,RINTERNATIONALMIG2011,RINTERNATIONALMIG2012,RINTERNATIONALMIG2013,RINTERNATIONALMIG2014,RINTERNATIONALMIG2015,RINTERNATIONALMIG2016,RINTERNATIONALMIG2017,RINTERNATIONALMIG2018,RDOMESTICMIG2011,RDOMESTICMIG2012,RDOMESTICMIG2013,RDOMESTICMIG2014,RDOMESTICMIG2015,RDOMESTICMIG2016,RDOMESTICMIG2017,RDOMESTICMIG2018,RNETMIG2011,RNETMIG2012,RNETMIG2013,RNETMIG2014,RNETMIG2015,RNETMIG2016,RNETMIG2017,RNETMIG2018
010,0,0,00,United States,308745538,308758105,309326085,311580009,313874218,316057727,318386421,320742673,323071342,325147121,327167434,567980,2253924,2294209,2183509,2328694,2356252,2328669,2075779,2020313,987836,3973485,3936976,3940576,3963195,3992376,3962654,3901982,3855500,598691,2512442,2501531,2608019,2582448,2699826,2703215,2779436,2814013,389145,1461043,1435445,1332557,1380747,1292550,1259439,1122546,1041487,178835,792881,858764,850952,947947,1063702,1069230,953233,978826,0,0,0,0,0,0,0,0,0,178835,792881,858764,850952,947947,1063702,1069230,953233,978826,0,0,0,0,0,0,0,0,0,12.79898857,12.589173852,12.511116578,12.493440163,12.493175596,12.309933949,12.039095529,11.820984126,8.0928244199,7.9990857588,8.2803198685,8.1408206164,8.4484528254,8.3975028099,8.5756150392,8.6277792774,4.7061641498,4.5900880929,4.2307967093,4.3526195469,4.0447227708,3.912431139,3.4634804902,3.1932048488,2.5539481982,2.7460490726,2.7017267715,2.988275652,3.3285982753,3.3215493142,2.9410856198,3.0010858795,0,0,0,0,0,0,0,0,2.5539481982,2.7460490726,2.7017267715,2.988275652,3.3285982753,3.3215493142,2.9410856198,3.0010858795
020,1,0,00,Northeast Region,55317240,55318430,55380645,55600532,55776729,55907823,56015864,56047587,56058789,56072676,56111079,62215,219887,176197,131094,108041,31723,11202,13887,38403,163454,646265,637904,635741,632433,634515,628039,616552,609336,110848,470816,460985,480032,470196,488881,480331,501022,506909,52606,175449,176919,155709,162237,145634,147708,115530,102427,45723,206686,207584,194103,222685,227275,236718,215872,229700,-32918,-159789,-205314,-216273,-274391,-339996,-372953,-316879,-292928,12805,46897,2270,-22170,-51706,-112721,-136235,-101007,-63228,-3196,-2459,-2992,-2445,-2490,-1190,-271,-636,-796,11.646389369,11.454833676,11.384582534,11.301146646,11.324209532,11.20434042,10.996948983,10.863177115,8.4846099623,8.2779015368,8.5962112289,8.4020820365,8.7250748685,8.5692003816,8.9363320099,9.0371195009,3.161779407,3.1769321388,2.7883713049,2.89906461,2.5991346635,2.6351400388,2.0606169731,1.8260576141,3.7247036946,3.7275831375,3.4759149144,3.9792291689,4.0561842059,4.2230961065,3.8503376372,4.0950670621,-2.879569389,-3.686820778,-3.872925953,-4.903180146,-6.067919504,-6.653555548,-5.651919379,-5.222289092,0.845134306,0.0407623599,-0.397011039,-0.923950977,-2.011735298,-2.430459441,-1.801581742,-1.12722203
020,2,0,00,Midwest Region,66927001,66929743,66974749,67152631,67336937,67564135,67752238,67869139,67996917,68156035,68308744,45006,177882,184306,227198,188103,116901,127778,159118,152709,212614,834909,830701,830869,836505,837968,831667,816177,804431,140785,586840,584817,605188,597078,626494,619471,620556,621030,71829,248069,245884,225681,239427,211474,212196,195621,183401,25158,116948,120995,126681,134310,142759,144859,126013,127583,-50873,-186896,-181285,-123814,-182730,-234823,-228200,-161387,-157048,-25715,-69948,-60290,2867,-48420,-92064,-83341,-35374,-29465,-1108,-239,-1288,-1350,-2904,-2509,-1077,-1129,-1227,12.449493906,12.353389372,12.318197145,12.363692308,12.357461907,12.242454436,11.989119413,11.789576855,8.7504877826,8.6968381072,8.9723230665,8.8249187702,9.2388679994,9.1188486402,9.1155717285,9.1016891619,3.6990061239,3.656551265,3.3458740787,3.5387735378,3.1185939072,3.123605796,2.8735476848,2.687887693,1.7438348531,1.7993217139,1.8781318506,1.9851256285,2.1052580818,2.1323795548,1.8510505744,1.8698304564,-2.786843372,-2.69589683,-1.835626629,-2.700781819,-3.462920156,-3.359190761,-2.370672066,-2.301663494,-1.043008519,-0.896575116,0.0425052219,-0.71565619,-1.357662074,-1.226811206,-0.519621492,-0.431833037
020,3,0,00,South Region,114555744,114563045,114867066,116039399,117271075,118393244,119657737,121037542,122401186,123598424,124753948,304021,1172333,1231676,1122169,1264493,1379805,1363644,1197238,1155524,368752,1509597,1504936,1504799,1525280,1545722,1541342,1519944,1499838,228706,962751,960575,1011093,1006057,1052360,1058173,1092949,1109152,140046,546846,544361,493706,519223,493362,483169,426995,390686,68742,285343,344198,329897,365281,429088,436795,404582,418418,90679,335757,336615,293443,373439,452879,442633,364465,345132,159421,621100,680813,623340,738720,881967,879428,769047,763550,4554,4387,6502,5123,6550,4476,1047,1196,1288,13.0753983,12.900715293,12.770698648,12.814734,12.843808208,12.663079639,12.357287884,12.078306222,8.3388830191,8.2343067033,8.5807898649,8.4524499397,8.7443343664,8.6935469035,8.8857783149,8.9320830002,4.7365152812,4.66640859,4.1899087829,4.3622840605,4.0994738414,3.969532736,3.4715095687,3.1462232219,2.4715029092,2.9505576333,2.7997195452,3.0689308523,3.5654043717,3.5885415898,3.2892897676,3.3695510667,2.9081645678,2.8855541222,2.4903472978,3.1374707924,3.7630900106,3.6365043774,2.963134779,2.7793734944,5.379667477,5.8361117555,5.2900668429,6.2064016447,7.3284943823,7.2250459672,6.2524245465,6.1489245611
020,4,0,00,West Region,71945553,71946887,72103625,72787447,73489477,74192525,74960582,75788405,76614450,77319986,77993663,156738,683822,702030,703048,768057,827823,826045,705536,673677,243016,982714,963435,969167,968977,974171,961606,949309,941895,118352,492035,495154,511706,509117,532091,545240,564909,576922,124664,490679,468281,457461,459860,442080,416366,384400,364973,39212,183904,185987,200271,225671,264580,250858,206766,203125,-6888,10928,49984,46644,83682,121940,158520,113801,104844,32324,194832,235971,246915,309353,386520,409378,320567,307969,-250,-1689,-2222,-1328,-1156,-777,301,569,735,13.564866164,13.172754439,13.1250523,12.993051496,12.92441189,12.619264908,12.333939366,12.128940451,6.7917918366,6.7700904074,6.9298356343,6.8267702932,7.0592978512,7.1552465339,7.3396052849,7.4291216994,6.7730743272,6.402664032,6.1952166656,6.1662812026,5.8651140389,5.4640183742,4.9943340813,4.6998187519,2.5385138982,2.5429438207,2.7121923767,3.0260314993,3.5102060089,3.2920380658,2.6864164429,2.6156748143,0.1508443529,0.6834160664,0.6316815776,1.1220952977,1.6177886489,2.0802759896,1.4785645494,1.350093835,2.6893582511,3.2263598871,3.3438739543,4.148126797,5.1279946578,5.3723140554,4.1649809923,3.9657686492
040,3,6,01,Alabama,4779736,4780138,4785448,4798834,4815564,4830460,4842481,4853160,4864745,4875120,4887871,5310,13386,16730,14896,12021,10679,11585,10375,12751,14227,59689,59070,57936,58907,59637,59388,58259,57216,11073,48818,48364,50847,49692,51820,51662,53033,53425,3154,10871,10706,7089,9215,7817,7726,5226,3791,928,4716,5874,5111,3753,4685,5950,3190,3344,1238,-2239,59,2641,-755,-1553,-1977,2065,5718,2166,2477,5933,7752,2998,3132,3973,5255,9062,-10,38,91,55,-192,-270,-114,-106,-102,12.455601786,12.287820829,12.012410502,12.179749675,12.301816868,12.222387438,11.962999487,11.720998206,10.187095914,10.060744313,10.542582104,10.274434632,10.689339673,10.632332792,10.889883997,10.944391939,2.2685058724,2.2270765159,1.4698283977,1.9053150433,1.6124771946,1.5900546466,1.0731154898,0.7766062675,0.9841112772,1.2219173785,1.0597112344,0.7759790947,0.9664136698,1.2245437674,0.6550398799,0.685035969,-0.467223314,0.0122732593,0.5475831286,-0.156105573,-0.320350145,-0.40687782,0.4240305179,1.1713623417,0.516887963,1.2341906378,1.6072943629,0.6198735214,0.6460635248,0.8176659475,1.0790703978,1.8563983107
040,4,9,02,Alaska,710231,710249,713906,722038,730399,737045,736307,737547,741504,739786,737438,3657,8132,8361,6646,-738,1240,3957,-1718,-2348,2893,11702,11123,11342,11446,11335,11247,10981,10693,924,3936,3935,4046,4035,4354,4441,4586,4738,1969,7766,7188,7296,7411,6981,6806,6395,5955,433,1320,2361,2881,1213,2306,2282,2595,2401,1162,-979,-1274,-3544,-9593,-8178,-5175,-10746,-10752,1595,341,1087,-663,-8380,-5872,-2893,-8151,-8351,93,25,86,13,231,131,44,38,48,16.298685743,15.316326973,15.458170806,15.537359708,15.381442124,15.208400522,14.826266295,14.477154446,5.4821079374,5.4184794246,5.5143501217,5.4773061699,5.9083192772,6.0052019842,6.1919003031,6.4147346645,10.816577805,9.8978475486,9.9438206841,10.060053538,9.4731228466,9.2031985374,8.6343659918,8.062419782,1.8385118083,3.2510876547,3.9265552893,1.6465854731,3.1292108988,3.0857624247,3.5037028536,3.2506918382,-1.363562924,-1.754292957,-4.830167284,-13.02200696,-11.0974357,-6.997730301,-14.50897529,-14.557034,0.4749488838,1.4967946975,-0.903611995,-11.37542149,-7.968224804,-3.911967877,-11.00527243,-11.30634217
040,4,8,04,Arizona,6392017,6392288,6407774,6473497,6556629,6634999,6733840,6833596,6945452,7048876,7171646,15486,65723,83132,78370,98841,99756,111856,103424,122770,20942,86103,85580,86100,86124,86765,84965,83743,83550,11484,48157,48746,50590,50236,52850,56023,57680,58806,9458,37946,36834,35510,35888,33915,28942,26063,24744,2709,17126,15779,18681,22020,20235,20865,14248,14335,3496,10583,30078,23960,40464,45315,61949,62930,83240,6205,27709,45857,42641,62484,65550,82814,77178,97575,-177,68,441,219,469,291,100,183,451,13.36871183,13.135713346,13.053733777,12.884290102,12.79018379,12.332492056,11.968134518,11.7506235,7.4770571941,7.4820458375,7.6700161648,7.5153870878,7.7907129984,8.1316212847,8.2433397302,8.2705824723,5.8916546356,5.6536675087,5.3837176124,5.3689030139,4.9994707917,4.2008707713,3.7247947883,3.480041028,2.6590543744,2.4219259277,2.8322508791,3.2942277187,2.9828775312,3.0285111134,2.036253545,2.0161003935,1.6431608341,4.6166859783,3.6326069838,6.0534800367,6.6799651754,8.9917677912,8.9936437105,11.707024538,4.3022152084,7.038611906,6.4648578629,9.3477077553,9.6628427066,12.020278905,11.029897256,13.723124932
040,3,7,05,Arkansas,2915918,2916028,2921978,2940407,2952109,2959549,2967726,2978407,2990410,3002997,3013825,5950,18429,11702,7440,8177,10681,12003,12587,10828,9438,38442,38596,37977,38230,38779,38604,37703,37191,6967,29463,29775,30939,29942,31331,31142,31299,31093,2471,8979,8821,7038,8288,7448,7462,6404,6098,811,3717,3799,2384,3188,3398,3516,2180,2260,2459,5504,-1099,-2046,-3305,-146,1065,4003,2475,3270,9221,2700,338,-117,3252,4581,6183,4735,209,229,181,64,6,-19,-40,0,-5,13.11479884,13.100006856,12.848172205,12.899688305,13.04343512,12.935226528,12.581491629,12.362340119,10.051540457,10.106039593,10.467114302,10.10312496,10.538277566,10.434898574,10.444476739,10.335356439,3.0632583837,2.9939672629,2.3810579029,2.7965633449,2.5051575537,2.5003279544,2.1370148899,2.0269836801,1.2680845765,1.2894322222,0.8065419211,1.075705109,1.1429276809,1.1781229011,0.7274660306,0.7512271428,1.8777340622,-0.373015534,-0.692191598,-1.115183621,-0.049107546,0.356854633,1.3358011562,0.8226934418,3.1458186387,0.9164166886,0.1143503227,-0.039478512,1.0938201349,1.5349775341,2.0632671868,1.5739205847
040,4,9,06,California,37253956,37254523,37320903,37641823,37960782,38280824,38625139,38953142,39209127,39399349,39557045,66380,320920,318959,320042,344315,328003,255985,190222,157696,123311,509763,497431,499628,498911,500353,490384,481969,477145,57268,238444,239549,247723,243951,253556,259932,273362,280674,66043,271319,257882,251905,254960,246797,230452,208607,196471,21145,105527,105015,123416,138111,164026,148792,119732,117797,-20443,-53949,-40787,-52973,-45720,-80259,-122586,-137608,-156068,702,51578,64228,70443,92391,83767,26206,-17876,-38271,-365,-1977,-3151,-2306,-3036,-2561,-673,-509,-504,13.600439237,13.159096833,13.106439547,12.974572596,12.899306186,12.547844536,12.262519884,12.08629158,6.361668331,6.3370567721,6.4983678334,6.34413745,6.5367779933,6.6510863445,6.9550260712,7.1095952026,7.238770906,6.8220400607,6.6080717135,6.6304351458,6.3625281927,5.8967581916,5.3074938128,4.9766963775,2.8154525757,2.778078877,3.2374973843,3.5916850817,4.2286577605,3.807258973,3.0462872731,2.9838495411,-1.43935534,-1.078983985,-1.389608713,-1.188984526,-2.069110039,-3.136705256,-3.501098279,-3.953270713,1.3760972353,1.6990948923,1.8478886712,2.4027005552,2.1595477219,0.6705537169,-0.454811005,-0.969421172
040,4,8,08,Colorado,5029196,5029316,5048281,5121771,5193721,5270482,5351218,5452107,5540921,5615902,5695564,18965,73490,71950,76761,80736,100889,88814,74981,79662,16789,65919,64743,64736,65722,66345,66595,66373,66249,7840,32015,32723,33581,33934,36264,36727,37688,38367,8949,33904,32020,31155,31788,30081,29868,28685,27882,2376,12670,11357,9060,9814,13493,9546,8447,8207,6792,26255,27951,35843,38359,56508,49138,37643,43293,9168,38925,39308,44903,48173,70001,58684,46090,51500,848,661,622,703,775,807,262,206,280,12.963355546,12.552576261,12.372848654,12.375043543,12.282329746,12.115861071,11.898190013,11.713601049,6.2959363433,6.3444380549,6.4182623368,6.3895609931,6.7134886713,6.6818714553,6.7560451573,6.7837360781,6.667419203,6.2081382061,5.9545863168,5.9854825499,5.5688410744,5.433989616,5.1421448561,4.9298649706,2.4916293447,2.2019308434,1.731617783,1.8479151172,2.4979346636,1.7367371392,1.5142303503,1.4510939608,5.1631987722,5.4192277014,6.8505933992,7.2227609516,10.461223744,8.9398480564,6.7479783447,7.6547107157,7.6548281169,7.6211585448,8.5822111823,9.0706760688,12.959158407,10.676585196,8.2622086951,9.1058046764
040,1,1,09,Connecticut,3574097,3574147,3579125,3588023,3594395,3594915,3594783,3587509,3578674,3573880,3572665,4978,8898,6372,520,-132,-7274,-8835,-4794,-1215,9492,37642,36853,36138,36158,36319,35892,35396,35048,6843,29315,29087,29784,29668,30373,30085,31069,31312,2649,8327,7766,6354,6490,5946,5807,4327,3736,2452,13027,16035,11171,18263,16614,14489,14454,16494,124,-12343,-17392,-16929,-25041,-29986,-29202,-23652,-21509,2576,684,-1357,-5758,-6778,-13372,-14713,-9198,-5015,-247,-113,-37,-76,156,152,71,77,64,10.504038705,10.262003687,10.053259631,10.058280612,10.113484665,10.017048127,9.8974436264,9.8083759355,8.1803808154,8.0995007531,8.2856352,8.2529196637,8.4577458004,8.3963806115,8.687526162,8.7628357479,2.3236578901,2.1625029342,1.7676244313,1.8053609484,1.6557388644,1.6206675157,1.2099174644,1.0455401876,3.6351977104,4.4650701198,3.1076695816,5.0803246534,4.6263783205,4.0437147642,4.0416332404,4.6159367918,-3.444326809,-4.842937295,-4.709492288,-6.965800232,-8.349980758,-8.149945375,-6.613581666,-6.019412177,0.1908709015,-0.377867175,-1.601822706,-1.885475579,-3.723602438,-4.106230611,-2.571948426,-1.403475386
040,3,5,10,Delaware,897934,897934,899595,907316,915188,923638,932596,941413,949216,957078,967171,1661,7721,7872,8450,8958,8817,7803,7862,10093,2848,11301,11155,10889,10982,11026,11086,10868,10709,1842,7872,7693,8092,8077,8533,8503,9189,9307,1006,3429,3462,2797,2905,2493,2583,1679,1402,362,1556,1244,2387,1781,2281,1838,1688,1820,276,2782,3231,3322,4246,4049,3377,4470,6858,638,4338,4475,5709,6027,6330,5215,6158,8678,17,-46,-65,-56,26,-6,5,25,13,12.508640437,12.241399745,11.843426186,11.832559904,11.76728607,11.727314031,11.402228617,11.130576136,8.7132127703,8.4422311282,8.8012677654,8.7025665945,9.1066798505,8.9948900604,9.6406955066,9.6733842658,3.7954276663,3.7991686164,3.0421584206,3.129993309,2.6606062191,2.7324239711,1.7615331108,1.4571918707,1.7222763047,1.3651547541,2.5962217197,1.9189390993,2.4343533035,1.9443264649,1.7709755158,1.8916470789,3.0792883545,3.5456712304,3.6131749279,4.5748542479,4.3212172407,3.5723560783,4.6897278174,7.1279756414,4.8015646592,4.9108259845,6.2093966476,6.4937933472,6.7555705442,5.5166825432,6.4607033333,9.0196227203
040,3,5,11,District of Columbia,601723,601766,605085,619602,634725,650431,662513,675254,686575,695691,702455,3319,14517,15123,15706,12082,12741,11321,9116,6764,2246,9199,9231,9446,9334,9652,9715,9780,9788,1180,4672,4543,4811,4648,4895,4855,5452,5684,1066,4527,4688,4635,4686,4757,4860,4328,4104,699,2429,3410,4751,5222,5042,3504,3616,3592,1343,7251,6760,6118,2086,2865,2907,1146,-936,2042,9680,10170,10869,7308,7907,6411,4762,2656,211,310,265,202,88,77,50,26,4,15.022613941,14.718649921,14.700160914,14.218428204,14.430016587,14.267576913,14.150677221,14.001398996,7.6297045694,7.2437251211,7.4870288121,7.080271512,7.3181652709,7.1301169236,7.8884961361,8.1307674592,7.3929093719,7.4749248003,7.2131321023,7.1381566921,7.1118513164,7.1374599895,6.2621810853,5.8706315363,3.9667278252,5.4371786623,7.3936549337,7.9546423915,7.5379344834,5.1460205356,5.2319886332,5.1382330601,11.841392944,10.778688492,9.5210231287,3.1775917328,4.2832570993,4.2692584752,1.65814684,-1.338915964,15.808120769,16.215867154,16.914678062,11.132234124,11.821191583,9.4152790108,6.8901354732,3.7993170956
040,3,5,12,Florida,18801310,18804580,18845785,19093352,19326230,19563166,19860330,20224249,20629982,20976812,21299325,41205,247567,232878,236936,297164,363919,405733,346830,322513,50875,213213,214009,212995,218336,221755,224643,224012,221488,41767,174508,173749,181628,181057,190991,193629,203723,208165,9108,38705,40260,31367,37279,30764,31014,20289,13323,22421,101645,99907,104788,113737,134214,157738,162228,175670,10291,106023,91420,99974,143628,196632,216222,163595,132602,32712,207668,191327,204762,257365,330846,373960,325823,308272,-615,1194,1291,807,2520,2309,759,718,918,11.239739059,11.140620947,10.953885733,11.076440304,11.064354699,10.997294258,10.768049084,10.47815698,9.1993658158,9.0448146989,9.3407467681,9.1852330904,9.5294003213,9.4790182197,9.7927756702,9.8478723352,2.0403732431,2.095806248,1.6131389647,1.8912072131,1.5349543773,1.5182760385,0.9752734133,0.630284645,5.3583190361,5.2008374271,5.3890268699,5.7700108585,6.6965403329,7.7219908998,7.7981495041,8.3105984825,5.5891097365,4.7590314751,5.1414529555,7.2864162022,9.810855192,10.585048095,7.8638599263,6.2731370182,10.947428773,9.9598689023,10.530479825,13.056427061,16.507395525,18.307038994,15.66200943,14.583735501
040,3,5,13,Georgia,9687653,9688709,9711810,9801578,9901496,9973326,10069001,10181111,10304763,10413055,10519475,23101,89768,99918,71830,95675,112110,123652,108292,106420,32497,132614,131870,128660,129559,131677,130724,129047,127649,17199,71126,70422,74815,74830,78528,80016,82779,84888,15298,61488,61448,53845,54729,53149,50708,46268,42761,4174,11982,21860,22766,17314,25712,34971,21625,21786,2883,15503,15704,-5471,23419,33086,37979,40388,41914,7057,27485,37564,17295,40733,58798,72950,62013,63700,746,795,906,690,213,163,-6,11,-41,13.592104047,13.385728542,12.947034192,12.928538687,13.005063873,12.762355172,12.457586026,12.196232371,7.2899693277,7.1483261952,7.5286208853,7.4671967981,7.7558089555,7.8118219413,7.9910924983,8.1106297232,6.302134719,6.2374023465,5.418413307,5.4613418891,5.2492549177,4.9505332308,4.4664935275,4.0856026481,1.2280799213,2.2189430949,2.2909387566,1.7277434901,2.5394427448,3.4141574824,2.0875750525,2.0815448491,1.5889603589,1.5940659818,-0.550545811,2.336954187,3.267735013,3.7078232542,3.8988661837,4.0046759756,2.8170402802,3.8130090767,1.7403929454,4.0646976771,5.8071777578,7.1219807366,5.9864412362,6.0862208247
040,4,9,15,Hawaii,1360301,1360307,1363963,1379252,1394905,1408453,1414862,1422484,1428105,1424203,1420491,3656,15289,15653,13548,6409,7622,5621,-3902,-3712,4644,19154,18896,19036,18955,18215,18249,17817,17326,2534,10064,10245,10339,10739,11069,10838,12275,12660,2110,9090,8651,8697,8216,7146,7411,5542,4666,1988,7313,10197,5758,3940,7389,9669,4721,4075,-359,-938,-3013,-760,-5688,-6834,-11424,-14153,-12430,1629,6375,7184,4998,-1748,555,-1755,-9432,-8355,-83,-176,-182,-147,-59,-79,-35,-12,-23,13.964636385,13.622877148,13.580855531,13.427477982,12.839463358,12.803669698,12.493040724,12.181275033,7.3373760351,7.3860275392,7.376153884,7.6073693513,7.8023617846,7.604042533,8.6070648752,8.9007815955,6.6272603496,6.2368496087,6.2047016471,5.8201086312,5.0371015731,5.1996271648,3.8859758483,3.280493438,5.3317002131,7.3514224321,4.1079305604,2.7910452783,5.2083884024,6.7838611599,3.3103016925,2.8649830175,-0.68386911,-2.172191408,-0.542206882,-4.029305975,-4.817177743,-8.015185634,-9.923893212,-8.739077033,4.6478311033,5.1792310241,3.5657236785,-1.238260697,0.3912106595,-1.231324474,-6.61359152,-5.874094015
040,4,8,16,Idaho,1567582,1567657,1570773,1583828,1595441,1611530,1631479,1651523,1682930,1718904,1754208,3116,13055,11613,16089,19949,20044,31407,35974,35304,5969,22952,22362,22704,22434,23036,22649,22403,22412,2558,11887,11899,12298,12543,12894,13287,12909,12989,3411,11065,10463,10406,9891,10142,9362,9494,9423,122,1608,1593,1855,1403,3101,3505,1694,1681,-378,272,-558,3695,8462,6752,18493,24732,24095,-256,1880,1035,5550,9865,9853,21998,26426,25776,-39,110,115,133,193,49,47,54,105,14.551444065,14.067384672,14.159155165,13.835299254,14.03349739,13.584836853,13.171130631,12.906004759,7.5362938134,7.4853684919,7.6695423813,7.7354086899,7.8550058757,7.9695230372,7.5894355809,7.4797472699,7.015150252,6.5820161804,6.4896127842,6.0998905646,6.1784915148,5.6153138161,5.5816950504,5.426257489,1.0194633172,1.0021171533,1.156854864,0.8652458257,1.8891246487,2.1022938395,0.9959333701,0.9680079422,0.1724465313,-0.351024088,2.3043551064,5.2186102475,4.1133084902,11.092074172,14.540392036,13.875164406,1.1919098485,0.6510930657,3.4612099704,6.0838560732,6.0024331389,13.194368012,15.536325406,14.843172348
040,2,3,17,Illinois,12830632,12831572,12840762,12867291,12884119,12898269,12888962,12864342,12826895,12786196,12741080,9190,26529,16828,14150,-9307,-24620,-37447,-40699,-45116,41835,162426,160152,157511,157522,159244,156299,151472,148117,24054,101615,101291,104307,102709,107598,106197,108248,110092,17781,60811,58861,53204,54813,51646,50102,43224,38025,5136,31610,28316,28700,29935,31480,25446,30536,30735,-13357,-65999,-70308,-67632,-94459,-108103,-113136,-114689,-114154,-8221,-34389,-41992,-38932,-64524,-76623,-87690,-84153,-83419,-370,107,-41,-122,404,357,141,230,278,12.636196137,12.438309203,12.21849582,12.217054247,12.366879217,12.167495088,11.827701701,11.604606774,7.9053050031,7.8668313696,8.0913373889,7.9658804778,8.3560540426,8.2671768588,8.4525526419,8.6254404896,4.7308911336,4.5714778336,4.1271584308,4.2511737689,4.0108251741,3.9003182291,3.3751490595,2.9791662847,2.4591516129,2.1991805497,2.226325971,2.3216916931,2.4447348581,1.980908899,2.3844056932,2.4080125118,-5.134500073,-5.460516531,-5.246372058,-7.326028917,-8.395272311,-8.807361047,-8.955498577,-8.943688312,-2.67534846,-3.261335981,-3.020046087,-5.004337224,-5.950537453,-6.826452148,-6.571092884,-6.5356758
040,2,3,18,Indiana,6483802,6484061,6490436,6516045,6537640,6568367,6593533,6608296,6633344,6660082,6691878,6375,25609,21595,30727,25166,14763,25048,26738,31796,20960,83465,83077,83369,83522,84172,83560,82093,81075,13860,57898,58627,60708,59856,62946,62143,62611,61864,7100,25567,24450,22661,23666,21226,21417,19482,19211,2391,8941,10680,8760,9708,8007,13506,9067,9227,-3061,-8711,-13318,-382,-7613,-14132,-9743,-1639,3555,-670,230,-2638,8378,2095,-6125,3763,7428,12782,-55,-188,-217,-312,-595,-338,-132,-172,-197,12.834370803,12.72851306,12.722257817,12.691480713,12.751566469,12.620793195,12.350916912,12.144284435,8.9029461543,8.9824444209,9.2641488746,9.0953433775,9.5359514201,9.3859975048,9.4198440643,9.2666544837,3.931424649,3.7460686389,3.458108942,3.5961373358,3.2156150485,3.23479569,2.9310728476,2.877629951,1.3748530444,1.6363195527,1.3367915949,1.4751669592,1.2130137423,2.0399285889,1.364132918,1.3821191795,-1.339486061,-2.040496611,-0.05829388,-1.156823863,-2.140915475,-1.471569987,-0.24658805,0.532506089,0.0353669836,-0.404177058,1.2784977148,0.3183430964,-0.927901732,0.5683586021,1.1175448677,1.9146252685
040,2,4,19,Iowa,3046355,3046872,3050767,3066054,3076097,3093078,3109504,3121460,3131785,3143637,3156145,3895,15287,10043,16981,16426,11956,10325,11852,12508,9966,37852,38478,38805,39460,39694,39428,38892,38417,6871,28210,28048,29139,28925,29808,29189,28817,28803,3095,9642,10430,9666,10535,9886,10239,10075,9614,1454,6180,4068,6973,6862,5492,5622,5809,5828,-553,-541,-4438,306,-891,-3304,-5508,-4010,-2886,901,5639,-370,7279,5971,2188,114,1799,2942,-101,6,-17,36,-80,-118,-28,-22,-48,12.376363474,12.529161201,12.580288288,12.723733439,12.74088568,12.610412674,12.395022996,12.196295046,9.2237454717,9.132956842,9.4466440002,9.3267610166,9.5677009208,9.3356329394,9.1840835565,9.1441259396,3.1526180021,3.396204359,3.1336442879,3.3969724221,3.1731847592,3.2747797344,3.2109394396,3.0521691068,2.0206574624,1.3246173857,2.2605940016,2.212626935,1.7628090934,1.7981064231,1.8513495985,1.8502227537,-0.17688927,-1.445096351,0.0992028918,-0.287299708,-1.060510059,-1.761645354,-1.278001703,-0.91622218,1.8437681927,-0.120478966,2.3597968934,1.9253272266,0.7022990343,0.0364610694,0.573347896,0.9340005734
040,2,4,20,Kansas,2853118,2853126,2858213,2869035,2885361,2893510,2900896,2909502,2911263,2910689,2911505,5087,10822,16326,8149,7386,8606,1761,-574,816,9990,40125,39580,39724,39291,38999,38616,37410,36637,5994,25179,24967,25593,25500,26557,26270,25477,25272,3996,14946,14613,14131,13791,12442,12346,11933,11365,946,4854,6097,5815,6641,9214,7582,2267,2057,210,-8983,-4459,-11799,-13033,-12945,-18147,-14741,-12564,1156,-4129,1638,-5984,-6392,-3731,-10565,-12474,-10507,-65,5,75,2,-13,-105,-20,-33,-42,14.011965258,13.756439425,13.748014102,13.561700716,13.423865284,13.268359056,12.851359819,12.585290013,8.7927046288,8.6775397453,8.8574394549,8.8015924324,9.1411982449,9.0263049616,8.7520474233,8.681263455,5.2192606292,5.0788996795,4.8905746468,4.7601082837,4.2826670393,4.2420540943,4.0993123956,3.9040265577,1.6950549374,2.1190755728,2.0125038264,2.2922107978,3.1715555458,2.6051558515,0.7787766028,0.7066064786,-3.136934179,-1.549771688,-4.083496586,-4.498476634,-4.455804921,-6.235262891,-5.063937319,-4.315898783,-1.441879241,0.5693038852,-2.07099276,-2.206265836,-1.284249375,-3.630107039,-4.285160716,-3.609292305
040,3,6,21,Kentucky,4339367,4339333,4348200,4369488,4386381,4404817,4414483,4425999,4438229,4453874,4468402,8867,21288,16893,18436,9666,11516,12230,15645,14528,13696,55319,55290,56047,55757,55948,55666,54793,53803,10539,42430,42787,44424,43684,46367,46758,46577,45778,3157,12889,12503,11623,12073,9581,8908,8216,8025,1512,5057,7841,8887,5034,7459,7104,5923,5816,4035,3434,-3330,-2018,-7165,-5351,-3670,1627,798,5547,8491,4511,6869,-2131,2108,3434,7550,6614,163,-92,-121,-56,-276,-173,-112,-121,-111,12.691208954,12.629243311,12.750708151,12.644314175,12.657228418,12.55969499,12.323968807,12.060375626,9.7342322873,9.7733303228,10.106472406,9.9064551608,10.489699544,10.54981889,10.476036996,10.261507266,2.9569766663,2.8559129882,2.6442357458,2.7378590138,2.1675288746,2.0098760998,1.847931811,1.7988683605,1.16016999,1.7910272527,2.0217949818,1.1415872008,1.6874645523,1.6028468582,1.3321932956,1.3037032255,0.7878235606,-0.760632668,-0.459095564,-1.624845509,-1.210567478,-0.828047293,0.3659426797,0.1788781248,1.9479935506,1.0303945845,1.5626994182,-0.483258308,0.4768970742,0.7747995652,1.6981359753,1.4825813503
040,3,7,22,Louisiana,4533372,4533485,4544532,4575184,4600814,4624577,4644204,4664851,4678215,4670818,4659978,11047,30652,25630,23763,19627,20647,13364,-7397,-10840,14574,62300,62274,62527,64205,64393,63973,62145,60341,9177,40758,40737,43780,43574,43957,43673,45145,46256,5397,21542,21537,18747,20631,20436,20300,17000,14085,1206,6783,4209,6178,4690,6170,6247,3064,3012,4091,1970,-304,-1426,-5676,-5903,-13106,-27458,-27914,5297,8753,3905,4752,-986,267,-6859,-24394,-24902,353,357,188,264,-18,-56,-77,-3,-23,13.662706163,13.573237483,13.555414616,13.854033233,13.834486959,13.694219863,13.29442307,12.933730413,8.9384362408,8.8790341933,9.4911966333,9.402315148,9.4439231479,9.3487512557,9.6576833133,9.9146953808,4.7242699224,4.6942032899,4.0642179827,4.4517180846,4.3905638113,4.3454686074,3.6367397569,3.019035032,1.4875463227,0.9173933996,1.3393470261,1.0119993125,1.3255910509,1.3372483936,0.6554688597,0.6456040835,0.4320309975,-0.066259823,-0.309146788,-1.224756524,-1.268227548,-2.805503033,-5.873976485,-5.983198004,1.9195773202,0.851133577,1.0302002376,-0.212757212,0.0573635025,-1.468254639,-5.218507625,-5.33759392
040,1,1,23,Maine,1328361,1328369,1327632,1328150,1327691,1328196,1330760,1328484,1331370,1335063,1338404,-737,518,-459,505,2564,-2276,2886,3693,3341,3439,12625,12803,12871,12700,12652,12652,12581,12438,3099,13029,12749,13403,13354,14178,14169,14113,14079,340,-404,54,-532,-654,-1526,-1517,-1532,-1641,294,1110,492,1753,3002,621,1922,579,570,-1313,-82,-841,-594,364,-1270,2536,4690,4469,-1019,1028,-349,1159,3366,-649,4458,5269,5039,-58,-106,-164,-122,-148,-101,-55,-44,-57,9.5075574727,9.6413904296,9.6924304385,9.5526214048,9.5154863563,9.5133041137,9.43657688,9.3047716691,9.8117993118,9.6007253446,10.093049893,10.044543798,10.663180964,10.653968225,10.58567757,10.532391086,-0.304241839,0.040665085,-0.400619454,-0.491922394,-1.147694608,-1.140664112,-1.14910069,-1.227619417,0.8359119837,0.3705041077,1.3200862838,2.2580290911,0.4670500338,1.4451921045,0.4342880545,0.4264125946,-0.061752056,-0.633321046,-0.447308187,0.2737916686,-0.955158684,1.9068715802,3.5178082479,3.34322436,0.7741599273,-0.262816938,0.8727780964,2.5318207597,-0.48810865,3.3520636847,3.9520963024,3.7696369546
040,3,5,24,Maryland,5773552,5773798,5788642,5838991,5887072,5923704,5958165,5986717,6004692,6024891,6042718,14844,50349,48081,36632,34461,28552,17975,20199,17827,18454,73542,72720,72362,72756,74158,73387,72138,71029,10628,43674,43461,45736,44735,47160,47239,50555,51184,7826,29868,29259,26626,28021,26998,26148,21583,19845,6590,20726,25760,21406,23397,27566,21569,22756,22575,841,208,-6323,-10919,-16504,-25680,-29676,-24011,-24518,7431,20934,19437,10487,6893,1886,-8107,-1255,-1943,-413,-453,-615,-481,-453,-332,-66,-129,-75,12.649522048,12.403139911,12.253555567,12.24655818,12.416698633,12.239929436,11.993433189,11.771843122,7.5121050002,7.4127181476,7.7447917055,7.5299601435,7.896268879,7.8788072361,8.4051126294,8.4828734507,5.1374170478,4.9904217639,4.5087638611,4.7165980369,4.5204297539,4.3611222001,3.5883205594,3.2889696708,3.5649559975,4.3936315198,3.624825329,3.9382693076,4.6155332468,3.5974087782,3.7833397883,3.741420525,0.035776843,-1.078452333,-1.848989431,-2.778014132,-4.299749466,-4.949543461,-3.991992075,-4.063439576,3.6007328405,3.3151791867,1.7758358977,1.1602551753,0.3157837809,-1.352134682,-0.208652287,-0.322019051
040,1,1,25,Massachusetts,6547629,6547790,6566431,6613149,6663158,6713944,6763652,6795891,6826022,6863246,6902149,18641,46718,50009,50786,49708,32239,30131,37224,38903,18647,73183,72220,72154,71948,71924,71418,70675,70297,12289,54019,52417,54785,54728,57476,55962,58097,58506,6358,19164,19803,17369,17220,14448,15456,12578,11791,8978,33969,38501,37172,44209,40527,45032,49668,53013,3556,-5779,-7578,-3050,-10714,-22191,-30232,-24844,-25755,12534,28190,30923,34122,33495,18336,14800,24824,27258,-251,-636,-717,-705,-1007,-545,-125,-178,-146,11.105513226,10.879531484,10.787687797,10.676681509,10.608617119,10.485751891,10.325606891,10.213582683,8.1973780652,7.8963223734,8.190862266,8.1213296496,8.4775718474,8.2164670997,8.4879629795,8.5004462277,2.9081351606,2.9832091108,2.5968255307,2.5553518595,2.131045272,2.2692847914,1.837643912,1.7131364556,5.1547924896,5.799956268,5.5575564872,6.5603687779,5.977635087,6.6116998398,7.2564873447,7.7023579781,-0.876962695,-1.14158252,-0.456003101,-1.589897783,-3.27311916,-4.438730449,-3.629704671,-3.741992148,4.2778297943,4.6583737481,5.1015533858,4.970470995,2.7045159265,2.1729693913,3.6267826738,3.9603658304
040,2,3,26,Michigan,9883640,9884117,9877535,9881521,9896930,9913349,9930589,9932573,9951890,9976447,9995915,-6582,3986,15409,16419,17240,1984,19317,24557,19468,29109,113976,113078,113008,114523,113793,113315,112080,110676,22099,89842,89049,92298,91829,96368,94775,95630,95614,7010,24134,24029,20710,22694,17425,18540,16450,15062,4618,21780,24111,23401,23342,21492,28090,21416,21415,-18683,-42146,-32516,-27887,-28283,-36454,-27061,-13021,-16766,-14065,-20366,-8405,-4486,-4941,-14962,1029,8395,4649,473,218,-215,195,-513,-479,-252,-288,-243,11.536583529,11.434464711,11.409026597,11.542366238,11.457692386,11.397340728,11.248304362,11.082915481,9.0937542765,9.004648544,9.3181928432,9.2551186161,9.7031882436,9.5325682167,9.597388884,9.5746311828,2.4428292526,2.4298161671,2.0908337535,2.2872476219,1.7545041419,1.8647725111,1.6509154778,1.5082842981,2.2045587603,2.4381080197,2.3625108965,2.3525572394,2.164005912,2.8253214583,2.1493012688,2.144463434,-4.265993274,-3.288022909,-2.815407092,-2.850543073,-3.670513285,-2.721823566,-1.306782397,-1.6789201,-2.061434514,-0.84991489,-0.452896196,-0.497985833,-1.506507373,0.1034978918,0.8425188715,0.4655433343
040,2,4,27,Minnesota,5303925,5303925,5310843,5345668,5376550,5413693,5451522,5482503,5523409,5568155,5611179,6918,34825,30882,37143,37829,30981,40906,44746,43024,17498,68368,68045,68968,69895,69709,69813,69258,68617,9340,39982,39316,41320,40824,42943,42664,42646,42847,8158,28386,28729,27648,29071,26766,27149,26612,25770,2954,11931,11342,11130,16024,16573,16392,10766,10718,-4049,-5302,-8917,-1281,-6649,-11896,-2432,7598,6769,-1095,6629,2425,9849,9375,4677,13960,18364,17487,-145,-190,-272,-354,-617,-462,-203,-230,-233,12.831216521,12.692336604,12.783400707,12.865829162,12.750839695,12.686454335,12.488410111,12.275686548,7.5037692918,7.333557292,7.6587709841,7.5146235026,7.8549299092,7.7529240648,7.6898082182,7.6653940208,5.3274472292,5.3587793123,5.1246297234,5.3512056595,4.8959097862,4.9335302699,4.7986018924,4.6102925273,2.239194423,2.1156070507,2.0629748561,2.9495964875,3.031454565,2.9787626868,1.9412952042,1.9174666398,-0.995072402,-1.663275266,-0.237436729,-1.223905832,-2.175959905,-0.441944293,1.3700502472,1.2109844826,1.2441220208,0.4523317843,1.8255381274,1.7256906559,0.85549466,2.5368183936,3.3113454514,3.1284511224
040,3,6,28,Mississippi,2967297,2968118,2970536,2978470,2983767,2988797,2990623,2988693,2988298,2989663,2986530,2418,7934,5297,5030,1826,-1930,-395,1365,-3133,9418,39745,39431,38506,38716,38578,38155,37204,36319,6643,29131,29018,30639,30579,31507,31500,31081,31356,2775,10614,10413,7867,8137,7071,6655,6123,4963,594,2117,1993,1737,2608,3243,961,2612,2749,-1077,-5002,-7351,-4638,-8933,-12263,-7990,-7367,-10818,-483,-2885,-5358,-2901,-6325,-9020,-7029,-4755,-8069,126,205,242,64,14,19,-21,-3,-27,13.361896088,13.226914663,12.894294645,12.949750979,12.903817092,12.767293777,12.447053435,12.154560604,9.7935688752,9.7339304023,10.259915172,10.228082322,10.53866362,10.540420757,10.398528863,10.493637003,3.568327213,3.4929842608,2.6343794725,2.7216686568,2.3651534724,2.2268730202,2.0485245722,1.6609236014,0.711715537,0.6685410191,0.5816597361,0.8723254095,1.0847394585,0.3215664872,0.8738765609,0.9199836752,-1.681625468,-2.465853001,-1.553101817,-2.987915216,-4.101806963,-2.67358609,-2.464719994,-3.620365005,-0.969909931,-1.797311982,-0.971442081,-2.115589806,-3.017067504,-2.352019603,-1.590843433,-2.70038133
040,2,4,29,Missouri,5988927,5988952,5995976,6009641,6024081,6040658,6056293,6071745,6087203,6108612,6126452,7024,13665,14440,16577,15635,15452,15458,21409,17840,19015,76247,75430,75170,75777,75141,74889,73617,72508,13181,55984,55633,57580,57133,60058,59239,59411,59825,5834,20263,19797,17590,18644,15083,15650,14206,12683,1884,8457,6545,5486,6303,9122,5634,8169,8077,-516,-14935,-11587,-6235,-8922,-8381,-5749,-893,-2790,1368,-6478,-5042,-749,-2619,741,-115,7276,5287,-178,-120,-315,-264,-390,-372,-77,-73,-130,12.701887791,12.536437189,12.461106701,12.528280887,12.391287033,12.318335435,12.07250192,11.852492149,9.3263011805,9.2461833504,9.5451712631,9.4458512728,9.9039927151,9.7440995718,9.7428503138,9.779270464,3.3755866108,3.2902538383,2.915935438,3.0824296139,2.4872943175,2.5742358632,2.3296516059,2.0732216848,1.4088405452,1.0877765001,0.9094270502,1.0420807689,1.5042828857,0.9267249107,1.3396398683,1.320303678,-2.488002074,-1.925754974,-1.033590532,-1.47508244,-1.382086699,-0.945641021,-0.146443678,-0.45606627,-1.079161529,-0.837978474,-0.124163482,-0.433001671,0.1221961871,-0.01891611,1.1931961907,0.8642374082
040,4,8,30,Montana,989415,989409,990722,997221,1003754,1013564,1021891,1030503,1040863,1053090,1062305,1313,6499,6533,9810,8327,8612,10360,12227,9215,3067,12005,12035,12205,12386,12578,12425,12182,12050,2387,9128,8958,9444,9381,9686,9926,9641,9726,680,2877,3077,2761,3005,2892,2499,2541,2324,346,437,332,1654,618,595,837,932,889,303,3177,3090,5359,4648,5070,7010,8708,5987,649,3614,3422,7013,5266,5665,7847,9640,6876,-16,8,34,36,56,55,14,46,15,12.077811084,12.029135796,12.100224159,12.17025186,12.256905838,11.996914114,11.6354092,11.392671345,9.1833618972,8.9536351029,9.3629264201,9.2175950832,9.4387334985,9.5840136412,9.2084206284,9.1954457678,2.8944491869,3.0755006934,2.7372977389,2.952656777,2.8181723392,2.4129004724,2.4269885714,2.1972255773,0.4396504326,0.3318382289,1.6398009635,0.6072352373,0.5798106991,0.8081623431,0.8901823489,0.8405049648,3.1962687059,3.088494359,5.3129947782,4.5670378367,4.9405718395,6.7684803169,8.3172831482,5.6604085762,3.6359191385,3.4203325879,6.9527957417,5.1742730741,5.5203825386,7.57664266,9.2074654971,6.500913541
040,2,4,31,Nebraska,1826341,1826305,1829536,1840538,1853323,1865414,1879522,1891507,1905924,1917575,1929268,3231,11002,12785,12091,14108,11985,14417,11651,11693,6512,25725,25762,26022,26468,26859,26632,26169,25899,3657,15622,15218,16171,15706,16577,16167,15650,15565,2855,10103,10544,9851,10762,10282,10465,10519,10334,657,2131,3249,3146,5065,4112,5958,4742,4705,-251,-1209,-930,-839,-1635,-2311,-1959,-3550,-3314,406,922,2319,2307,3430,1801,3999,1192,1391,-30,-23,-78,-67,-84,-98,-47,-60,-32,14.018790902,13.948548687,13.995074134,14.13535505,14.244918297,14.026324639,13.688508876,13.465067329,8.5131798432,8.2396170294,8.6970388065,8.3878602999,8.7917647942,8.5147037563,8.1862189581,8.0923500127,5.5056110585,5.7089316571,5.2980353276,5.7474947502,5.4531535027,5.5116208826,5.5022899182,5.3727173165,1.1612844864,1.7591349539,1.6919723013,2.7049861466,2.1808371137,3.1379108666,2.4804504984,2.4461616967,-0.658842301,-0.503538168,-0.451228468,-0.873179141,-1.225660158,-1.031750149,-1.856937847,-1.722971278,0.5024421851,1.2555967861,1.2407438332,1.8318070055,0.9551769557,2.1061607176,0.6235126516,0.7231904187
040,4,8,32,Nevada,2700551,2700679,2702464,2712799,2744566,2776972,2819012,2868666,2919772,2972405,3034392,1785,10335,31767,32406,42040,49654,51106,52633,61987,8892,35846,34702,35089,35226,36231,36281,36196,36042,4947,20201,20405,21253,21271,22465,23328,24691,25041,3945,15645,14297,13836,13955,13766,12953,11505,11001,985,1107,3710,4574,3914,6566,3046,3101,3100,-3055,-6189,13595,13984,23822,29019,34985,37844,47596,-2070,-5082,17305,18558,27736,35585,38031,40945,50696,-90,-228,165,12,349,303,122,183,290,13.238876856,12.717492783,12.709864534,12.58974293,12.740172703,12.535678883,12.286121072,12.000405541,7.4607641402,7.4779678471,7.698217417,7.6022376047,7.8995329904,8.0602055339,8.3809430708,8.3375549398,5.7781127159,5.2395249356,5.0116471172,4.9875053252,4.8406397127,4.4754733488,3.9051780013,3.6628506007,0.4088444088,1.3596305177,1.6567847582,1.3988603255,2.3088508175,1.0524428179,1.0525820932,1.0321640635,-2.28576156,4.9822579212,5.0652553691,8.5139628705,10.20416416,12.087889686,12.845506847,15.847380892,-1.876917151,6.3418884388,6.7220401272,9.9128231961,12.513014977,13.140332504,13.898088941,16.879544955
040,1,1,33,New Hampshire,1316470,1316464,1316777,1319815,1323962,1326408,1333223,1336294,1342373,1349767,1356458,313,3038,4147,2446,6815,3071,6079,7394,6691,3265,12993,12370,12595,12222,12380,12358,12222,12149,2518,10736,10507,10872,11097,11921,11820,12073,11935,747,2257,1863,1723,1125,459,538,149,214,448,2908,3261,2548,2835,3900,3815,2548,2606,-807,-2051,-847,-1717,2949,-1153,1775,4738,3928,-359,857,2414,831,5784,2747,5590,7286,6534,-75,-76,-130,-108,-94,-135,-49,-41,-57,9.8559048954,9.3578240525,9.5043333572,9.1907486414,9.2750860924,9.2269774481,9.0797655397,8.9785586934,8.1438462986,7.9484767437,8.2041375355,8.3447666236,8.9312036597,8.8252851138,8.9690729308,8.8204048074,1.7120585969,1.4093473088,1.3001958217,0.8459820178,0.3438824327,0.4016923343,0.1106926089,0.1581538859,2.2058778909,2.4669251605,1.9227504084,2.1318746849,2.9218768789,2.8484317013,1.8929179017,1.9259300317,-1.55579627,-0.640749957,-1.295668152,2.2176008627,-0.863826677,1.3252860471,3.5198763809,2.9029367477,0.6500816205,1.8261752031,0.6270822564,4.3494755475,2.0580502016,4.1737177484,5.4127942826,4.8288667794
040,1,2,34,New Jersey,8791894,8791962,8799624,8827783,8845483,8858362,8866780,8870869,8874516,8888543,8908520,7662,28159,17700,12879,8418,4089,3647,14027,19977,26538,106678,104520,103459,103327,103119,102901,101439,100226,17091,71068,69049,72472,70489,72485,71146,75544,76370,9447,35610,35471,30987,32838,30634,31755,25895,23856,7198,34663,28184,29049,30474,41745,39398,45151,46660,-8758,-42169,-45823,-47133,-55036,-68471,-67589,-57040,-50591,-1560,-7506,-17639,-18084,-24562,-26726,-28191,-11889,-3931,-225,55,-132,-24,142,181,83,21,52,12.103652001,11.828034501,11.687743538,11.658806457,11.627132773,11.597494222,11.421343587,11.263206744,8.0633527098,7.813949046,8.1871480461,7.9535611055,8.1730109779,8.0185355235,8.5057421697,8.5823149584,4.0402992908,4.0140854554,3.5005954921,3.7052453515,3.4541217948,3.5789586983,2.9156014175,2.6808917853,3.9328529715,3.1894500994,3.281660001,3.4385055984,4.7069372046,4.4403657627,5.0836964512,5.2435618169,-4.784481348,-5.185572378,-5.324606039,-6.209936146,-7.720414357,-7.617642559,-6.422317237,-5.6853201,-0.851628376,-1.996122279,-2.042946038,-2.771430548,-3.013477152,-3.177276796,-1.338620786,-0.441758283
040,4,8,35,New Mexico,2059179,2059180,2064588,2080395,2087549,2092792,2090342,2090211,2092789,2093395,2095428,5408,15807,7154,5243,-2450,-131,2578,606,2033,6646,27800,27048,26731,26367,26051,25261,24088,23803,3808,16379,16456,16801,17135,17653,18146,18269,18198,2838,11421,10592,9930,9232,8398,7115,5819,5605,425,4142,3830,5755,1983,3933,2683,2330,2342,2059,283,-7179,-10494,-13733,-12446,-7176,-7514,-5851,2484,4425,-3349,-4739,-11750,-8513,-4493,-5184,-3509,86,-39,-89,52,68,-16,-44,-29,-63,13.413806522,12.979061139,12.788908847,12.606337736,12.462944496,12.077934497,11.508333126,11.365006351,7.9030480945,7.8964592614,8.0381002411,8.1924222365,8.4452941991,8.6760698064,8.7282355482,8.6888369358,5.5107584277,5.0826018776,4.7508086063,4.4139154997,4.0176502965,3.4018646904,2.7800975781,2.6761694156,1.9985606696,1.8378365928,2.7533639002,0.9480929848,1.8815692565,1.2828113794,1.1131856603,1.1182138754,0.1365506204,-3.444863943,-5.020643053,-6.56589055,-5.954236198,-3.431030361,-3.589904314,-2.793624844,2.13511129,-1.60702735,-2.267279153,-5.617797565,-4.072666941,-2.148218982,-2.476718654,-1.675410969
040,1,2,36,New York,19378102,19378124,19400080,19498514,19574549,19628043,19656330,19661411,19641589,19590719,19542209,21956,98434,76035,53494,28287,5081,-19822,-50870,-48510,61420,243113,239922,239872,237032,239363,235826,230364,227099,35126,149752,146900,152576,148844,153820,151568,160681,165728,26294,93361,93022,87296,88188,85543,84258,69683,61371,19141,87879,90870,78677,85344,85244,88905,67949,70375,-22636,-82398,-107485,-111926,-145183,-165895,-193186,-188585,-180306,-3495,5481,-16615,-33249,-59839,-80651,-104281,-120636,-109931,-843,-408,-372,-553,-62,189,201,83,50,12.499834827,12.280685545,12.23755817,12.067495643,12.175826683,12.000407094,11.743586434,11.606542705,7.6996099139,7.5192466994,7.7839751004,7.5777714462,7.8244576666,7.7127954609,8.1912591021,8.4700025513,4.800224913,4.761438846,4.4535830692,4.4897241964,4.3513690169,4.2876116327,3.5523273319,3.1365401536,4.5183638257,4.6512862327,4.0138672463,4.3449337985,4.3361595978,4.5240821311,3.4639307991,3.5967152777,-4.236554154,-5.501744258,-5.710132636,-7.391386901,-8.438684206,-9.830598173,-9.613760169,-9.215052858,0.2818096716,-0.850458025,-1.69626539,-3.046453102,-4.102524608,-5.306516042,-6.14982937,-5.61833758
040,3,5,37,North Carolina,9535483,9535736,9574293,9656754,9749123,9843599,9933944,10033079,10156679,10270800,10383620,38557,82461,92369,94476,90345,99135,123600,114121,112820,29914,121036,119573,119381,120194,120832,120839,120077,118784,18663,79941,79506,84316,83478,88440,89161,91567,93060,11251,41095,40067,35065,36716,32392,31678,28510,25724,4656,10029,21892,19502,18228,21672,20960,20640,20035,20593,30724,29749,39304,34784,44664,70785,64795,66991,25249,40753,51641,58806,53012,66336,91745,85435,87026,2057,613,661,605,617,407,177,176,70,12.587562185,12.32338018,12.186259775,12.154593723,12.103156289,11.970326737,11.75641889,11.502041694,8.3137439163,8.1940125664,8.6068694284,8.4416957152,8.8586065133,8.8323000206,8.965080811,9.0111462825,4.273818269,4.1293676137,3.5793903471,3.7128980076,3.2445497759,3.1380267163,2.7913380795,2.4908954112,1.0430009349,2.2562237203,1.9907392143,1.8433027803,2.1707792894,2.0763002707,2.0208073644,1.9400205864,3.1952498478,3.0659784147,4.0121020448,3.5175249019,4.4737765865,7.0119711192,6.3439056772,6.4868439782,4.2382507827,5.322202135,6.0028412591,5.3608276822,6.644555876,9.0882713899,8.3647130417,8.4268645646
040,2,4,38,North Dakota,672591,672576,674710,685136,701116,721999,737382,754022,754353,755176,760077,2134,10426,15980,20883,15383,16640,331,823,4901,2338,9211,9873,10252,10980,11404,11333,11182,10869,1496,6054,5935,6224,6210,6348,6164,6054,6213,842,3157,3938,4028,4770,5056,5169,5128,4656,434,1077,1137,1096,787,2068,1409,2659,2597,813,5991,10571,15341,9531,9344,-6287,-6997,-2379,1247,7068,11708,16437,10318,11412,-4878,-4338,218,45,201,334,418,295,172,40,33,27,13.547122248,14.244163399,14.407830709,15.047475608,15.29297226,15.026767216,14.815217197,14.346119097,8.9039494178,8.5626567175,8.7470092016,8.5104575159,8.5127839271,8.1730338941,8.021044975,8.2006107231,4.6431728299,5.6815066813,5.6608215077,6.5370180919,6.7801883326,6.8537333223,6.7941722219,6.1455083738,1.5840028944,1.6403943872,1.5402831113,1.078539463,2.7732257658,1.8682356841,3.5229531861,3.4278104053,8.8112918669,15.251195309,21.559747455,13.061702187,12.53047464,-8.336123312,-9.27044131,-3.140069678,10.395294761,16.891589697,23.100030567,14.14024165,15.303700406,-6.467887627,-5.747488124,0.2877407271
040,2,3,39,Ohio,11536504,11536757,11539327,11543463,11548369,11576576,11602973,11617850,11635003,11664129,11689442,2570,4136,4906,28207,26397,14877,17153,29126,25313,34809,137927,137682,139089,139560,139546,138674,136206,134734,26552,110676,111412,114516,111897,118280,117533,118051,117359,8257,27251,26270,24573,27663,21266,21141,18155,17375,3342,14680,17524,24116,20842,24567,24390,19421,20514,-8654,-37755,-38549,-19895,-21196,-30303,-28034,-8133,-12146,-5312,-23075,-21025,4221,-354,-5736,-3644,11288,8368,-375,-40,-339,-587,-912,-653,-344,-317,-430,11.950635084,11.924735985,12.029347529,12.0416493,12.01903998,11.927482619,11.691937708,11.538620796,9.589482034,9.6494725927,9.9041100422,9.6548038963,10.187408086,10.109125104,10.133510553,10.050625662,2.3611530495,2.2752633918,2.1252374871,2.3868454041,1.8316318935,1.8183575151,1.5584271551,1.4879951336,1.2719432963,1.5177661088,2.0857130687,1.7983093631,2.1159456751,2.0978070949,1.6671007315,1.7568191177,-3.271268335,-3.338756319,-1.720652741,-1.828853529,-2.609985012,-2.411231,-0.698137596,-1.040183533,-1.999325038,-1.82099021,0.3650603277,-0.030544166,-0.494039337,-0.313423905,0.9689631356,0.7166355843
040,3,7,40,Oklahoma,3751351,3751583,3759632,3787821,3818600,3853205,3878367,3909831,3926769,3932640,3943079,8049,28189,30779,34605,25162,31464,16938,5871,10439,13148,52554,52346,53345,53079,53529,52856,51758,50778,8179,37673,36952,38616,38623,39728,39265,39769,40050,4969,14881,15394,14729,14456,13801,13591,11989,10728,1215,6712,6622,5678,6538,9408,7764,4406,4272,1545,6626,8672,13996,4275,8324,-4333,-10472,-4474,2760,13338,15294,19674,10813,17732,3431,-6066,-202,320,-30,91,202,-107,-69,-84,-52,-87,13.926287451,13.763634698,13.9067664,13.730454816,13.746183649,13.489523518,13.170964891,12.894822682,9.982970414,9.7160017832,10.066992057,9.9909824289,10.202103234,10.020927443,10.120099361,10.170499989,3.9433170369,4.0476329143,3.8397743425,3.7394723867,3.544080415,3.4685960748,3.0508655295,2.7243226936,1.778613262,1.7411605274,1.4802253186,1.6912472651,2.4159632305,1.9814715565,1.1212038971,1.0848533321,1.7558241171,2.2801788121,3.6486850226,1.1058553164,2.1375933175,-1.105836715,-2.664831414,-1.136150236,3.5344373791,4.0213393395,5.1289103412,2.7971025815,4.553556548,0.8756348416,-1.543627517,-0.051296904
040,4,9,41,Oregon,3831074,3831075,3837532,3871728,3899118,3922908,3964106,4016918,4091404,4146592,4190713,6457,34196,27390,23790,41198,52812,74486,55188,44121,11881,45394,44912,44991,45474,45681,45598,45389,45166,7799,32516,32946,33414,33812,35357,35317,35933,36052,4082,12878,11966,11577,11662,10324,10281,9456,9114,1606,10421,4418,3407,6943,5343,12755,8167,8177,986,10918,11098,8870,22447,36822,51262,37490,26819,2592,21339,15516,12277,29390,42165,64017,45657,34996,-217,-21,-92,-64,146,323,188,75,11,11.776486978,11.559101802,11.503669254,11.531360284,11.44740324,11.247209965,11.01942754,10.834676193,8.4355696915,8.4793856422,8.54356659,8.5740940741,8.8602665523,8.7112968627,8.7237235852,8.6483581925,3.3409172865,3.0797161596,2.9601026639,2.95726621,2.5871366882,2.5359131026,2.2957039552,2.1863180008,2.7035020222,1.1370705326,0.871129807,1.7606156145,1.3389259323,3.1461503379,1.9827637692,1.9615451276,2.8324378734,2.8563170599,2.2679546194,5.692141538,9.2273873628,12.64429311,9.1017281387,6.4334937969,5.5359398957,3.9933875925,3.1390844265,7.4527571525,10.566313295,15.790443448,11.084491908,8.3950389244
040,1,2,42,Pennsylvania,12702379,12702873,12711158,12744583,12766827,12776621,12789101,12785759,12783538,12790447,12807060,8285,33425,22244,9794,12480,-3342,-2221,6909,16613,36121,142975,142120,141805,142202,141913,140256,137428,135905,30214,127699,125499,130945,126713,132623,129938,133891,133562,5907,15276,16621,10860,15489,9290,10318,3537,2343,5457,27481,25615,29587,34772,31937,38222,31291,35377,-1693,-8176,-18630,-29890,-36475,-43725,-50399,-27426,-20463,3764,19305,6985,-303,-1703,-11788,-12177,3865,14914,-1386,-1156,-1362,-763,-1306,-844,-362,-493,-644,11.2332224,11.14168131,11.103042941,11.124426684,11.097851562,10.970657504,10.747484211,10.618612195,10.033021628,9.838656507,10.25272704,9.9127261104,10.371356872,10.163595816,10.470874993,10.435547493,1.200200772,1.3030248034,0.850315901,1.2117005731,0.7264946905,0.8070616881,0.2766092183,0.1830647024,2.1591200193,2.0081210721,2.3166018934,2.7202048117,2.4975307783,2.9896793799,2.4470961409,2.7640973006,-0.642369829,-1.460522958,-2.340326177,-2.853430073,-3.419373557,-3.942149837,-2.144835856,-1.598827573,1.5167501901,0.5475981139,-0.023724283,-0.133225262,-0.921842778,-0.952470457,0.3022602852,1.1652697272
040,1,1,44,Rhode Island,1052567,1052957,1053938,1053536,1054601,1055122,1056017,1056173,1057063,1056486,1057315,981,-402,1065,521,895,156,890,-577,829,2873,11003,11009,10869,10726,10876,10902,10768,10575,2338,9767,9321,9636,9696,10071,9822,9816,9830,535,1236,1688,1233,1030,805,1080,952,745,1669,4491,4411,3825,3495,4541,4276,2410,2755,-1174,-6155,-4996,-4505,-3534,-5143,-4443,-3908,-2639,495,-1664,-585,-680,-39,-602,-167,-1498,116,-49,26,-38,-32,-96,-47,-23,-31,-32,10.441884455,10.444292757,10.303722337,10.161339448,10.298315966,10.317825364,10.189496435,10.005672246,9.2689162476,8.8428788072,9.1348485085,9.1855628644,9.5360739327,9.2956962687,9.2886419951,9.3007809155,1.1729682074,1.6014139499,1.1688738285,0.9757765832,0.7622420332,1.0221290949,0.9008544396,0.7048913308,4.2619742877,4.1847375194,3.626068446,3.3110088914,4.2998025746,4.0468740832,2.2805243692,2.6066786798,-5.841115952,-4.739729913,-4.270702836,-3.347955772,-4.869827052,-4.204925527,-3.698045326,-2.496923788,-1.579141664,-0.554992394,-0.64463439,-0.03694688,-0.570024477,-0.158051443,-1.417520956,0.1097548918
040,3,5,45,South Carolina,4625364,4625381,4635656,4671422,4717112,4764153,4823793,4892253,4958235,5021219,5084127,10275,35766,45690,47041,59640,68460,65982,62984,62908,14180,57475,57522,56560,57287,58277,57757,56668,56238,9675,42035,42075,44661,44521,46825,47248,49134,49776,4505,15440,15447,11899,12766,11452,10509,7534,6462,1178,2742,5917,5153,6332,7406,5123,5706,5490,4477,17335,23939,29597,39857,49011,50184,49600,50775,5655,20077,29856,34750,46189,56417,55307,55306,56265,115,249,387,392,685,591,166,144,181,12.350815154,12.253670275,11.930897407,11.949796129,11.996032131,11.726728666,11.356933957,11.130346254,9.0329102217,8.9630606866,9.4208947857,9.2868691584,9.6386945883,9.5930272693,9.8470317114,9.8514192389,3.3179049321,3.2906095882,2.510002621,2.662926971,2.3573375425,2.1337013963,1.5099022452,1.2789270155,0.5892289718,1.2604736799,1.0869857556,1.3208251277,1.5244884596,1.0401515133,1.1435495369,1.0865535925,3.7251218911,5.0996247124,6.2432597338,8.3139809089,10.088671873,10.189139868,9.9404235943,10.049136368,4.3143508629,6.3600983924,7.3302454894,9.6348060367,11.613160333,11.229291381,11.083973131,11.135689961
040,2,4,46,South Dakota,814180,814198,816165,823484,833496,842270,849088,853933,862890,873286,882235,1967,7319,10012,8774,6818,4845,8957,10396,8949,3032,11796,11891,12059,12440,12255,12321,12093,11943,1927,7295,7433,7291,7172,7753,7770,7374,7293,1105,4501,4458,4768,5268,4502,4551,4719,4650,169,1245,2107,91,1069,1610,3173,3678,3659,679,1563,3356,3836,408,-1226,1251,2006,638,848,2808,5463,3927,1477,384,4424,5684,4297,14,10,91,79,73,-41,-18,-7,2,14.388445332,14.352617412,14.392224213,14.710073207,14.392071501,14.353255985,13.930615329,13.606217186,8.8982459051,8.9717437748,8.701692241,8.4807592479,9.1049963565,9.0516028734,8.4945305084,8.3086445562,5.4901994268,5.3808736376,5.6905319716,6.2293139596,5.2870751447,5.3016531116,5.4360848209,5.2975726294,1.5186177042,2.5431809678,0.108607049,1.2640730112,1.8907576595,3.6963624089,4.2368976417,4.1685630648,1.9065055997,4.0507429178,4.5782048329,0.4824525618,-1.439794342,1.4573430109,2.3108256306,0.72684975,3.4251233038,6.5939238856,4.6868118818,1.7465255729,0.4509633175,5.1537054198,6.5477232723,4.8954128148
040,3,6,47,Tennessee,6346105,6346286,6355301,6397410,6451281,6493432,6540826,6590808,6645011,6708794,6770010,9015,42109,53871,42151,47394,49982,54203,63783,61216,19659,78616,80309,80283,80453,81879,81259,80204,79474,14307,60208,60638,63491,63546,66104,66636,67384,67259,5352,18408,19671,16792,16907,15775,14623,12820,12215,1000,8646,7918,9920,7558,10051,7649,9043,8994,2839,15053,26026,15067,22614,24065,31894,41875,39952,3839,23699,33944,24987,30172,34116,39543,50918,48946,-176,2,256,372,315,91,37,45,55,12.329300021,12.500728673,12.403983001,12.344853079,12.470496817,12.278650834,12.012156835,11.792440932,9.4423844467,9.4387825188,9.8095647235,9.750612578,10.067901679,10.069040684,10.092104835,9.9799655815,2.8869155743,3.0619461547,2.5944182772,2.5942405007,2.4025951378,2.2096101495,1.9200520002,1.8124753502,1.3559469826,1.2324990927,1.5326720646,1.1597131191,1.5308072095,1.1558030523,1.3543705333,1.3345397707,2.3607529411,4.0511519812,2.3279002014,3.4699328493,3.6651950549,4.8193466532,6.2716207104,5.9281224061,3.7166999236,5.2836510739,3.8605722661,4.6296459683,5.1960022645,5.9751497055,7.6259912437,7.2626621769
040,3,7,48,Texas,25145561,25146114,25242679,25646227,26089620,26489464,26977142,27486814,27937492,28322717,28701845,96565,403548,443393,399844,487678,509672,450678,385225,379128,92759,381742,378109,384420,394325,402277,400968,395212,391451,40966,168090,169149,178632,180772,187892,188835,196396,200500,51793,213652,208960,205788,213553,214385,212133,198816,190951,15567,71953,88080,83041,110340,121124,115228,103032,104976,28034,117054,143712,108849,160926,172520,122969,82801,82569,43601,189007,231792,191890,271266,293644,238197,185833,187545,1171,889,2641,2166,2859,1643,348,576,632,15.002955654,14.61690576,14.622544584,14.750328457,14.772228444,14.46903097,14.049432344,13.729206723,6.606154984,6.5389477435,6.7947931539,6.7620525604,6.8996824248,6.8141583947,6.9817017566,7.0320575194,8.3968006701,8.0779580162,7.8277514306,7.9882758969,7.8725460192,7.6548725752,7.0677305873,6.6971492039,2.8278462107,3.4049891944,3.1587085085,4.1274361047,4.4478590575,4.1580313157,3.6626952452,3.681781896,4.600373999,5.5556063478,4.1403916432,6.0196826408,6.3351990076,4.4373672446,2.9435013297,2.8959100115,7.4282202097,8.9605955422,7.2991001517,10.147118745,10.783058065,8.5953985603,6.6061965749,6.5776919076
040,4,8,49,Utah,2763885,2763891,2775334,2814216,2853467,2897927,2937399,2982497,3042613,3103118,3161105,11443,38882,39251,44460,39472,45098,60116,60505,57987,13752,51925,50448,51852,50830,51014,50623,50317,50124,3687,15008,15475,16280,16277,17247,17785,17187,17156,10065,36917,34973,35572,34553,33767,32838,33130,32968,959,2673,5024,3322,5315,3951,7371,8973,8967,477,-567,-662,5657,-202,7597,19871,18359,16052,1436,2106,4362,8979,5113,11548,27242,27332,25019,-58,-141,-84,-91,-194,-217,36,43,0,18.579313183,17.801983632,18.031106893,17.421477395,17.234762232,16.804008558,16.374618414,16.003261697,5.3700208425,5.460785298,5.6612362151,5.578780003,5.8267915517,5.9036266558,5.5931507578,5.4774550651,13.20929234,12.341198334,12.369870678,11.842697392,11.407970681,10.900381902,10.781467656,10.525806632,0.9564276194,1.7728585032,1.1551982006,1.8216634341,1.3348207469,2.4467603081,2.9200757404,2.8629248991,-0.202878586,-0.233605161,1.9671752622,-0.069233493,2.566599143,6.5960621466,5.9745537187,5.1249771919,0.7535490335,1.5392533422,3.1223734629,1.7524299414,3.9014198898,9.0428224547,8.8946294591,7.987902091
040,1,1,50,Vermont,625741,625744,625880,626979,626063,626212,625218,625197,623644,624525,626299,136,1099,-916,149,-994,-21,-1553,881,1774,1659,6053,6087,5978,6118,5969,5834,5679,5599,1330,5431,5456,5559,5607,5934,5821,5738,5587,329,622,631,419,511,35,13,-59,12,86,1158,215,321,291,2146,659,1822,1850,-217,-636,-1722,-529,-1721,-2162,-2213,-852,-62,-131,522,-1507,-208,-1430,-16,-1554,970,1788,-62,-45,-40,-62,-75,-40,-12,-30,-26,9.6626994738,9.7155562224,9.5474236889,9.7776144091,9.5472303195,9.3430628879,9.0997292835,8.952498513,8.6697705009,8.7084072202,8.8782416003,8.9609486747,9.4912489054,9.3222435843,9.1942677634,8.9333111613,0.9929289729,1.0071490022,0.6691820886,0.8166657344,0.0559814142,0.0208193037,-0.09453848,0.0191873517,1.8485719462,0.343164874,0.5126669462,0.4650679623,3.4324604231,1.055378547,2.9194764491,2.9580500534,-1.015277856,-2.748511223,-0.844862351,-2.750453481,-3.458051927,-3.544086077,-1.365199745,-0.09913465,0.8332940898,-2.405346349,-0.332195404,-2.285385519,-0.025591504,-2.48870753,1.5542767045,2.858915403
040,3,5,51,Virginia,8001024,8001055,8023680,8100469,8185229,8253053,8312076,8362907,8410946,8465207,8517685,22625,76789,84760,67824,59023,50831,48039,54261,52478,25715,102344,102755,102539,102589,103237,102906,101529,99570,14668,60444,60214,63413,62633,65500,65592,67237,68820,11047,41900,42541,39126,39956,37737,37314,34292,30750,5747,22666,36982,25574,34565,38389,35636,32541,31641,5493,12030,5020,3217,-15804,-25452,-24951,-12485,-9831,11240,34696,42002,28791,18761,12937,10685,20056,21810,338,193,217,-93,306,157,40,-87,-82,12.694499412,12.619047707,12.475634619,12.386139583,12.382261499,12.269810639,12.032244552,11.725918059,7.4973259054,7.3947091491,7.7152831421,7.562029852,7.8560799732,7.8207433915,7.9682851892,8.1046267032,5.1971735066,5.2243385577,4.7603514771,4.8241097307,4.5261815259,4.4490672477,4.0639593633,3.621291356,2.8114351957,4.5416536645,3.1115173715,4.1732243679,4.6043825052,4.2489939551,3.8564476158,3.7262204812,1.4921717729,0.6164918446,0.3914034325,-1.90810467,-3.052716755,-2.974987321,-1.479602608,-1.157753344,4.3036069687,5.158145509,3.502920804,2.2651196981,1.5516657498,1.274006634,2.3768450073,2.5684671374
040,4,9,53,Washington,6724540,6724540,6742902,6821655,6892876,6962906,7052439,7163543,7294680,7425432,7535591,18362,78753,71221,70030,89533,111104,131137,130752,110159,22236,86680,86718,87238,87393,88770,89747,90701,90495,11825,49850,49438,51321,51268,53858,54693,56067,57568,10411,36830,37280,35917,36125,34912,35054,34634,32927,5947,19797,21908,19429,30640,32866,29086,31204,30557,2304,22109,12300,14660,22944,43178,66774,64662,46549,8251,41906,34208,34089,53584,76044,95860,95866,77106,-300,17,-267,24,-176,148,223,252,126,12.780365772,12.646148818,12.592288187,12.471045129,12.488760889,12.414665343,12.32341167,12.097434781,7.3500373068,7.209579387,7.407882139,7.3159811621,7.5771058236,7.56566004,7.617740952,7.6957304323,5.4303284656,5.4365694314,5.184406048,5.1550639674,4.9116550654,4.8490053031,4.7056707177,4.4017043487,2.9189305629,3.1948595253,2.8044609824,4.3723504487,4.6238100189,4.0234543346,4.2396416549,4.084881094,3.2598189532,1.7937179186,2.1160841012,3.2741256102,6.0745715632,9.2368197669,8.7855309797,6.2227028192,6.1787495161,4.9885774439,4.9205450836,7.6464760589,10.698381582,13.260274101,13.025172635,10.307583913
040,3,5,54,West Virginia,1852994,1853001,1854214,1856074,1856764,1853873,1849467,1841996,1830929,1817048,1805832,1213,1860,690,-2891,-4406,-7471,-11067,-13881,-11216,5104,20466,20676,20926,20571,20088,19416,18547,18010,5233,21908,21492,22253,21666,22782,22459,22629,22551,-129,-1442,-816,-1327,-1095,-2694,-3043,-4082,-4541,82,1867,890,634,996,1268,1037,332,386,1318,1501,730,-2124,-4254,-5989,-9046,-10107,-7029,1400,3368,1620,-1490,-3258,-4721,-8009,-9775,-6643,-58,-66,-114,-74,-53,-56,-15,-24,-32,11.032027702,11.137571852,11.278925963,11.109430946,10.883489825,10.572500119,10.168375513,9.9423662942,11.809325853,11.577127793,11.994167039,11.700789017,12.343073735,12.22949012,12.40632822,12.449211677,-0.77729815,-0.439555941,-0.715241076,-0.591358071,-1.45958391,-1.656990001,-2.237952706,-2.506845383,1.0063908786,0.4794176315,0.341720303,0.5378928211,0.6869904967,0.5646725702,0.1820186915,0.2130901382,0.8091016115,0.3932301921,-1.144816914,-2.297385603,-3.244783979,-4.925774417,-5.541153357,-3.880338294,1.8154924901,0.8726478236,-0.803096611,-1.759492782,-2.557793482,-4.361101847,-5.359134666,-3.667248156
040,2,3,55,Wisconsin,5686986,5687282,5690479,5704755,5719855,5736952,5751974,5761406,5772958,5792051,5813568,3197,14276,15100,17097,15022,9432,11552,19093,21517,17550,67791,67653,66892,67067,67152,66787,65705,64939,11754,48483,47888,50041,49317,51258,51360,50587,50283,5796,19308,19765,16851,17750,15894,15427,15118,14656,1173,4062,5819,7967,7732,9022,7657,7483,8051,-3451,-8869,-10190,-7347,-9988,-15112,-11395,-3318,-1011,-2278,-4807,-4371,620,-2256,-6090,-3738,4165,7040,-321,-225,-294,-374,-472,-372,-137,-190,-179,11.898132149,11.843380212,11.67725004,11.67506867,11.665036679,11.58052581,11.36272354,11.190958449,8.5093469779,8.3833058634,8.7355927354,8.5851366786,8.9040750848,8.9055625434,8.7482854531,8.6652853243,3.3887851711,3.4600743483,2.9416573047,3.0899319919,2.7609615942,2.6749632663,2.6144380865,2.5256731244,0.7129296336,1.0186780993,1.3907888996,1.3459917837,1.5672200518,1.3276848208,1.2940759493,1.3874313813,-1.556615687,-1.783868333,-1.2825563,-1.738717788,-2.625119643,-1.975834992,-0.573799813,-0.17422595,-0.843686053,-0.765190234,0.1082325992,-0.392726004,-1.057899592,-0.648150171,0.7202761364,1.2132054309
040,4,8,56,Wyoming,563626,563773,564483,567224,576270,582123,582548,585668,584290,578934,577737,710,2741,9046,5853,425,3120,-1378,-5356,-1197,1994,7471,7437,7515,7709,7797,7582,7150,6840,1291,4450,4379,4616,4535,4838,4797,4621,4947,703,3021,3058,2899,3174,2959,2785,2529,1893,171,-237,463,479,-243,776,421,622,597,-232,-47,5345,2387,-2528,-604,-4601,-8546,-3686,-61,-284,5808,2866,-2771,172,-4180,-7924,-3089,68,4,180,88,22,-11,17,39,-1,13.203064044,13.00750157,12.974871222,13.238073241,13.348558828,12.961149033,12.29341898,11.827045028,7.8642263413,7.6589820323,7.9696614189,7.7876069723,8.2827148404,8.2002943695,7.9451593158,8.5538584438,5.3388377027,5.3485195375,5.0052098036,5.450466269,5.0658439878,4.7608546632,4.3482596645,3.2731865846,-0.418836324,0.8097987397,0.8270077599,-0.417285225,1.3285214378,0.7196839545,1.0694414833,1.0322727898,-0.083060368,9.3485405258,4.1212265613,-4.341140116,-1.034055346,-7.865239607,-14.69364456,-6.373463154,-0.501896692,10.158339265,4.9482343212,-4.758425341,0.2944660919,-7.145555652,-13.62420308,-5.341190364
040,X,X,72,Puerto Rico,3725789,3726157,3721525,3678732,3634488,3593077,3534874,3473166,3406495,3325001,3195153,-4632,-42793,-44244,-41411,-58203,-61708,-66671,-81494,-129848,9603,41243,40282,37871,35717,32966,30104,26226,24322,7138,30260,29742,29399,28831,29917,28497,29532,30771,2465,10983,10540,8472,6886,3049,1607,-3306,-6449,-7097,-53776,-54784,-49883,-65089,-64757,-68278,-78188,-123399,0,0,0,0,0,0,0,0,0,-7097,-53776,-54784,-49883,-65089,-64757,-68278,-78188,-123399,0,0,0,0,0,0,0,0,0,11.146369646,11.016214472,10.47960136,10.02167383,9.4080513239,8.7515940102,7.7920272106,7.4605599806,8.1780943554,8.1337632397,8.1352433358,8.0895617829,8.5379078887,8.2844198282,8.774275436,9.4387341158,2.968275291,2.8824512322,2.3443580238,1.9321120473,0.8701434353,0.467174182,-0.982248225,-1.978174135,-14.53354931,-14.98218295,-13.80354241,-18.26303239,-18.48077351,-19.84923385,-23.23049735,-37.85155995,0,0,0,0,0,0,0,0,-14.53354931,-14.98218295,-13.80354241,-18.26303239,-18.48077351,-19.84923385,-23.23049735,-37.85155995
